id,first_name,last_name,email,gender,ip_address
1,Clayborne,Troth,ctroth0@fema.gov,Male,52.52.251.108
2,Silvana,Honacker,shonacker1@geocities.com,Female,31.125.255.68
3,Terrel,Neubigin,tneubigin2@gmpg.org,Non-binary,110.178.187.165
4,Wheeler,Gulliman,wgulliman3@imgur.com,Male,80.198.38.195
5,Kristen,Wennington,kwennington4@over-blog.com,Female,157.147.160.234
6,Valentijn,Dinsey,vdinsey5@t.co,Male,34.132.111.172
7,Vanna,Boddam,vboddam6@google.co.jp,Female,237.252.31.16
8,Morten,Wheatley,mwheatley7@hao123.com,Male,153.18.225.90
9,Marley,Marc,mmarc8@youtu.be,Female,246.172.113.99
10,Hedy,Twelvetree,htwelvetree9@addtoany.com,Female,223.174.204.172
11,Inessa,Baison,ibaisona@nasa.gov,Female,8.175.220.189
12,Denna,Silvester,dsilvesterb@dagondesign.com,Female,32.60.139.139
13,Merwin,Cable,mcablec@issuu.com,Male,37.4.116.194
14,Flora,Coyle,fcoyled@psu.edu,Female,111.230.221.7
15,Dorian,Pietruschka,dpietruschkae@unblog.fr,Male,53.234.144.5
16,Goldy,Joincey,gjoinceyf@ocn.ne.jp,Female,17.215.233.71
17,Guillaume,Meadus,gmeadusg@phoca.cz,Male,76.249.102.20
18,Crystie,Awcock,cawcockh@privacy.gov.au,Polygender,232.198.252.73
19,Wilfrid,Gimblet,wgimbleti@nbcnews.com,Male,92.71.233.132
20,Lanette,Kinney,lkinneyj@netlog.com,Female,236.13.189.48
21,Elinor,Sproston,esprostonk@un.org,Female,181.229.120.180
22,Romona,Radnedge,rradnedgel@nationalgeographic.com,Female,188.179.195.46
23,Blaire,Yockney,byockneym@nationalgeographic.com,Female,123.105.24.162
24,Archibaldo,Carbert,acarbertn@last.fm,Male,152.14.48.190
25,Fred,Faragher,ffaraghero@dedecms.com,Female,19.118.128.248
26,Goddard,Colliss,gcollissp@ycombinator.com,Male,159.130.241.215
27,Jaymie,Birtwell,jbirtwellq@etsy.com,Male,202.65.36.96
28,Kane,Clemerson,kclemersonr@mozilla.com,Genderqueer,217.78.219.34
29,Reggie,Manske,rmanskes@latimes.com,Male,1.233.75.77
30,Augustine,Guarin,aguarint@thetimes.co.uk,Male,31.98.127.149
31,Carly,McKilroe,cmckilroeu@nydailynews.com,Male,94.94.147.55
32,Muhammad,Stollenbeck,mstollenbeckv@google.com.hk,Male,76.53.255.138
33,Sollie,Timmis,stimmisw@state.gov,Male,124.9.204.24
34,Giff,Dubs,gdubsx@nih.gov,Male,18.225.203.201
35,Orton,Linster,olinstery@cyberchimps.com,Male,158.238.125.52
36,Wilt,Jessop,wjessopz@g.co,Male,188.199.62.212
37,Isahella,Stuchbury,istuchbury10@theglobeandmail.com,Female,43.62.194.106
38,Codi,Stockall,cstockall11@whitehouse.gov,Male,62.144.26.95
39,Caprice,Pinnock,cpinnock12@cyberchimps.com,Female,189.151.175.212
40,Spense,Siaspinski,ssiaspinski13@moonfruit.com,Male,199.126.164.93
41,Salli,Toomey,stoomey14@last.fm,Female,91.60.178.211
42,Candice,Salerg,csalerg15@indiatimes.com,Female,54.5.212.91
43,Annabal,Bergeon,abergeon16@altervista.org,Female,118.145.215.14
44,Danice,Blune,dblune17@fotki.com,Female,63.214.94.88
45,Fulvia,Chestnutt,fchestnutt18@mail.ru,Female,109.132.136.3
46,Concettina,Rotherham,crotherham19@posterous.com,Female,128.84.94.26
47,Ramsey,Parsley,rparsley1a@1688.com,Male,90.121.160.22
48,Antony,Ferroni,aferroni1b@zdnet.com,Male,65.20.36.226
49,Jacki,Wiley,jwiley1c@nhs.uk,Female,107.24.125.20
50,Ashla,Wheaton,awheaton1d@oaic.gov.au,Non-binary,60.123.236.241
51,Gina,Perett,gperett1e@google.com.au,Female,226.252.191.223
52,Whitney,Follett,wfollett1f@qq.com,Male,82.171.165.187
53,Irwinn,Boyne,iboyne1g@oracle.com,Male,11.106.69.208
54,Rossy,Fairall,rfairall1h@google.co.uk,Male,18.213.179.27
55,Connie,Solan,csolan1i@sourceforge.net,Male,60.30.228.107
56,Tallie,Key,tkey1j@bbc.co.uk,Female,52.86.30.187
57,Vale,Toffano,vtoffano1k@businesswire.com,Non-binary,94.246.142.165
58,Valenka,Aiskovitch,vaiskovitch1l@google.com.au,Female,51.198.111.193
59,Jena,Sarge,jsarge1m@4shared.com,Female,50.20.228.125
60,Axe,Glasscock,aglasscock1n@furl.net,Male,18.189.231.48
61,Julio,Czadla,jczadla1o@google.com.br,Male,199.156.185.57
62,Gianina,Chiechio,gchiechio1p@tamu.edu,Female,96.43.51.236
63,Rene,Novis,rnovis1q@ca.gov,Female,196.207.223.186
64,Jannelle,Sears,jsears1r@hugedomains.com,Female,221.3.255.156
65,Kippar,Dudman,kdudman1s@bluehost.com,Male,153.176.246.4
66,King,Lyven,klyven1t@cnn.com,Male,112.133.242.50
67,Aile,Turford,aturford1u@drupal.org,Female,58.255.15.75
68,Matty,Heams,mheams1v@zdnet.com,Female,173.96.162.210
69,Riccardo,Sharkey,rsharkey1w@wix.com,Male,201.238.60.222
70,Cristiano,Aronowitz,caronowitz1x@china.com.cn,Male,134.35.124.103
71,Christiano,Goodison,cgoodison1y@nps.gov,Male,106.188.97.208
72,Shaylyn,Bastiman,sbastiman1z@chronoengine.com,Female,150.140.154.185
73,Olympe,Jeannequin,ojeannequin20@ovh.net,Female,16.136.37.44
74,Shurlocke,Witchard,switchard21@sogou.com,Male,147.4.94.26
75,Faustina,Redmell,fredmell22@flickr.com,Female,255.126.170.208
76,Gabriele,Bickersteth,gbickersteth23@globo.com,Male,77.95.78.242
77,Sterling,Hedden,shedden24@mayoclinic.com,Male,92.106.219.149
78,Joshia,O' Markey,jomarkey25@google.fr,Male,46.196.113.183
79,Corina,MacClure,cmacclure26@geocities.com,Female,196.244.103.84
80,Aidan,Carey,acarey27@tinypic.com,Female,196.67.201.80
81,Augustina,Broske,abroske28@shinystat.com,Female,46.168.217.125
82,Deloria,Hadeke,dhadeke29@msu.edu,Female,255.197.194.222
83,Giulio,Waddell,gwaddell2a@dailymail.co.uk,Male,91.142.50.203
84,Astrid,Pehrsson,apehrsson2b@jimdo.com,Bigender,117.129.189.106
85,Erhard,Skirving,eskirving2c@lycos.com,Male,45.154.57.86
86,Clement,Oldroyde,coldroyde2d@wikispaces.com,Male,137.78.118.85
87,Alisander,Brabham,abrabham2e@youtube.com,Male,154.213.30.207
88,Miles,Mc Menamin,mmcmenamin2f@blogspot.com,Male,132.40.173.1
89,Mose,Dory,mdory2g@nbcnews.com,Male,118.137.88.230
90,Rozele,Lant,rlant2h@icio.us,Female,140.192.184.252
91,Monika,Parks,mparks2i@kickstarter.com,Female,4.69.204.181
92,Christiano,Berkowitz,cberkowitz2j@wunderground.com,Male,254.222.221.27
93,Gaynor,Dullard,gdullard2k@marriott.com,Female,23.209.160.157
94,Abbi,Aharoni,aaharoni2l@wix.com,Female,112.116.123.127
95,Carol,Rumbold,crumbold2m@amazon.co.jp,Female,175.215.196.49
96,Ricca,Derdes,rderdes2n@cbslocal.com,Female,97.25.154.44
97,Neysa,Bannon,nbannon2o@sourceforge.net,Female,135.242.156.247
98,Gregor,Wyeth,gwyeth2p@artisteer.com,Polygender,11.91.31.36
99,Coletta,Scurrey,cscurrey2q@alibaba.com,Female,32.181.177.192
100,Gawain,Arson,garson2r@statcounter.com,Male,209.147.118.29
101,Rogers,Forgan,rforgan2s@redcross.org,Male,35.214.228.149
102,Dorian,Kubal,dkubal2t@amazon.com,Male,207.192.88.195
103,Malcolm,Allenson,mallenson2u@illinois.edu,Male,72.47.240.128
104,Lucilia,Dowty,ldowty2v@livejournal.com,Female,78.121.50.181
105,Welsh,Gibbings,wgibbings2w@usa.gov,Male,150.6.106.53
106,Violette,Reidshaw,vreidshaw2x@elpais.com,Female,221.199.26.178
107,Byron,Nisbet,bnisbet2y@cisco.com,Male,174.69.10.136
108,Evelyn,Carmont,ecarmont2z@tamu.edu,Female,214.102.179.150
109,Kyle,Benadette,kbenadette30@freewebs.com,Female,150.61.25.181
110,Chev,Danielis,cdanielis31@va.gov,Male,200.247.3.225
111,Fairleigh,Ehlerding,fehlerding32@theatlantic.com,Male,235.79.251.171
112,Torrey,Antonsen,tantonsen33@merriam-webster.com,Male,219.37.52.141
113,Querida,Mordie,qmordie34@free.fr,Female,189.190.12.81
114,Rosette,Handrock,rhandrock35@nps.gov,Female,87.0.21.19
115,Wilbur,Barzen,wbarzen36@w3.org,Male,218.76.61.29
116,Jewel,Frankland,jfrankland37@alexa.com,Female,63.221.171.185
117,Valentine,Stuer,vstuer38@friendfeed.com,Female,76.10.24.98
118,Emmie,Sidry,esidry39@i2i.jp,Female,50.226.190.92
119,Mac,Wilmington,mwilmington3a@tiny.cc,Male,55.218.163.252
120,Lorin,Norgan,lnorgan3b@geocities.com,Male,178.232.196.37
121,Fifine,Moscrop,fmoscrop3c@jalbum.net,Agender,218.95.156.167
122,Madlen,Mc Combe,mmccombe3d@netlog.com,Female,164.35.160.120
123,Lanny,Garry,lgarry3e@soundcloud.com,Male,126.193.28.238
124,Donn,Drinkall,ddrinkall3f@booking.com,Male,148.75.153.93
125,Darryl,Cutriss,dcutriss3g@icio.us,Non-binary,153.183.170.9
126,Krystalle,Gealy,kgealy3h@techcrunch.com,Female,236.4.206.17
127,Teri,Broomhead,tbroomhead3i@rakuten.co.jp,Female,48.16.155.244
128,Wain,Munford,wmunford3j@i2i.jp,Agender,30.215.171.147
129,Alaster,Roote,aroote3k@irs.gov,Male,62.11.214.161
130,Curry,Garces,cgarces3l@php.net,Genderfluid,15.83.109.1
131,Rina,Litherborough,rlitherborough3m@sun.com,Female,75.220.100.152
132,Lee,Frays,lfrays3n@whitehouse.gov,Female,157.30.67.95
133,Hieronymus,Denyakin,hdenyakin3o@furl.net,Male,23.188.19.99
134,Starla,Matteotti,smatteotti3p@ibm.com,Female,220.37.168.63
135,Reinold,Dyka,rdyka3q@4shared.com,Male,136.85.148.221
136,Jen,Trewhitt,jtrewhitt3r@ehow.com,Female,8.48.158.102
137,Finn,Quoit,fquoit3s@hexun.com,Male,227.67.212.103
138,Gratia,Eagger,geagger3t@statcounter.com,Female,222.131.6.69
139,Moore,Cohrs,mcohrs3u@netscape.com,Male,110.68.168.102
140,Reidar,Hourican,rhourican3v@dropbox.com,Male,15.226.161.174
141,Vincenz,Crimmins,vcrimmins3w@archive.org,Male,245.79.40.222
142,Petr,Creevy,pcreevy3x@seattletimes.com,Male,254.191.96.212
143,Fannie,Barrar,fbarrar3y@samsung.com,Female,209.6.130.251
144,Brita,Hembling,bhembling3z@blog.com,Female,200.128.64.76
145,Stearn,Ramalho,sramalho40@a8.net,Male,227.65.134.108
146,Mariel,Wand,mwand41@last.fm,Female,30.183.44.197
147,Cara,Lafayette,clafayette42@scientificamerican.com,Female,119.46.230.30
148,Bryon,Pickford,bpickford43@shop-pro.jp,Male,250.158.81.167
149,Artair,Goodread,agoodread44@marketwatch.com,Male,44.162.12.167
150,Winston,Florio,wflorio45@mysql.com,Male,161.26.239.239
151,Gustave,Wallhead,gwallhead46@latimes.com,Male,98.198.118.183
152,Bertram,Gumly,bgumly47@google.ru,Male,126.204.254.247
153,Egor,Hinstridge,ehinstridge48@hhs.gov,Male,159.179.5.128
154,Steve,Saddington,ssaddington49@51.la,Male,30.90.197.27
155,Andie,Tabard,atabard4a@ftc.gov,Female,153.4.175.96
156,Goddart,Kliche,gkliche4b@sbwire.com,Male,252.114.96.119
157,Aldwin,Brayshay,abrayshay4c@thetimes.co.uk,Male,21.169.195.176
158,Alysa,Tombleson,atombleson4d@technorati.com,Female,171.62.162.185
159,Colby,Jepensen,cjepensen4e@wordpress.com,Male,68.150.131.42
160,Clare,Dewes,cdewes4f@nydailynews.com,Female,175.62.200.181
161,Titus,Mervyn,tmervyn4g@uol.com.br,Male,17.33.9.132
162,Matt,Tustin,mtustin4h@infoseek.co.jp,Male,166.0.208.182
163,Gunther,Greser,ggreser4i@stumbleupon.com,Male,214.171.97.168
164,Pail,Chapple,pchapple4j@diigo.com,Male,158.223.138.183
165,Gabe,Bosson,gbosson4k@wunderground.com,Male,174.249.63.21
166,Vally,Gitsham,vgitsham4l@exblog.jp,Female,111.221.92.52
167,Sandie,Farndell,sfarndell4m@guardian.co.uk,Female,83.53.144.56
168,Page,Bartkowiak,pbartkowiak4n@loc.gov,Male,71.103.93.58
169,Mariette,Nevett,mnevett4o@arizona.edu,Female,240.109.128.111
170,Welbie,Breakey,wbreakey4p@stanford.edu,Male,108.77.85.25
171,Rebe,Moodie,rmoodie4q@usa.gov,Female,144.243.190.146
172,Livia,Fandrey,lfandrey4r@i2i.jp,Female,102.222.54.27
173,Alaine,Fishbourn,afishbourn4s@angelfire.com,Female,169.56.36.27
174,Papagena,Dermot,pdermot4t@shop-pro.jp,Genderfluid,103.153.198.100
175,Mickie,MacInnes,mmacinnes4u@intel.com,Genderfluid,228.124.35.165
176,Inigo,Gulk,igulk4v@aol.com,Male,253.68.59.90
177,Sophia,Altimas,saltimas4w@tripadvisor.com,Agender,32.117.13.42
178,Leonie,Spaunton,lspaunton4x@istockphoto.com,Female,246.219.142.189
179,Elliot,Baldrick,ebaldrick4y@slate.com,Male,131.6.249.54
180,Sebastian,Bellenie,sbellenie4z@wix.com,Male,71.107.3.210
181,Hinze,Dods,hdods50@chicagotribune.com,Male,229.69.120.181
182,Ellene,Civitillo,ecivitillo51@vinaora.com,Female,121.208.84.53
183,Tobye,Grimsey,tgrimsey52@webs.com,Female,234.129.145.67
184,Coop,Kristufek,ckristufek53@vkontakte.ru,Male,249.253.191.108
185,Christiano,Philippault,cphilippault54@mysql.com,Bigender,229.186.48.47
186,Clemens,Gludor,cgludor55@google.co.jp,Male,116.74.225.93
187,Chance,Vaudre,cvaudre56@ifeng.com,Non-binary,63.106.92.227
188,Sal,Ream,sream57@amazon.co.jp,Male,227.13.210.25
189,Kermy,Gerardet,kgerardet58@stanford.edu,Male,227.150.186.194
190,Perla,O'Rudden,porudden59@google.es,Female,215.235.122.2
191,Shirlene,Worsnap,sworsnap5a@devhub.com,Female,148.31.57.81
192,Harmon,McCoveney,hmccoveney5b@cloudflare.com,Male,87.116.145.242
193,Aluin,Sign,asign5c@github.io,Male,237.61.48.97
194,Archy,Dancey,adancey5d@whitehouse.gov,Male,85.255.61.196
195,Carmencita,Dugall,cdugall5e@amazonaws.com,Female,10.242.167.229
196,Ruthi,Dunning,rdunning5f@com.com,Female,16.0.192.240
197,Jamesy,Langtree,jlangtree5g@go.com,Male,217.12.209.163
198,Nikolia,Chisnall,nchisnall5h@salon.com,Female,56.60.55.25
199,Sumner,Bothie,sbothie5i@unc.edu,Male,247.150.125.145
200,Lane,Coltan,lcoltan5j@nature.com,Bigender,232.106.79.153
201,Dayna,Pendall,dpendall5k@wufoo.com,Female,204.110.44.179
202,Andres,Pressnell,apressnell5l@admin.ch,Male,144.212.159.1
203,Buckie,Antunes,bantunes5m@wufoo.com,Male,125.217.61.56
204,Gwendolin,Wayte,gwayte5n@skype.com,Female,116.57.195.141
205,Kai,Sexty,ksexty5o@goodreads.com,Female,37.212.6.19
206,Sloan,Denisyev,sdenisyev5p@sciencedirect.com,Male,108.2.146.56
207,Sawyer,Urridge,surridge5q@lycos.com,Male,46.209.86.58
208,Farrel,Cruse,fcruse5r@state.gov,Non-binary,243.68.29.233
209,Ruthi,Peet,rpeet5s@mozilla.org,Female,66.163.190.109
210,Rhetta,Deacon,rdeacon5t@gnu.org,Female,228.65.62.173
211,Sandi,Hayer,shayer5u@huffingtonpost.com,Female,51.69.52.56
212,Marlow,Duxbarry,mduxbarry5v@webs.com,Male,207.18.99.17
213,Rivalee,Pleavin,rpleavin5w@un.org,Female,213.113.231.44
214,Amii,Illem,aillem5x@naver.com,Female,135.154.75.248
215,Sharity,Knapp,sknapp5y@google.nl,Female,221.148.171.78
216,Sax,Erickssen,serickssen5z@sakura.ne.jp,Male,239.77.163.109
217,Bowie,Maxworthy,bmaxworthy60@house.gov,Male,238.9.177.21
218,Eustace,Balint,ebalint61@columbia.edu,Male,74.45.135.167
219,Petronia,Blankhorn,pblankhorn62@epa.gov,Polygender,158.104.148.14
220,Haydon,Mardoll,hmardoll63@artisteer.com,Male,132.224.6.96
221,Avigdor,MacRedmond,amacredmond64@pcworld.com,Male,91.5.168.187
222,Car,McAless,cmcaless65@wunderground.com,Male,88.176.153.112
223,Wadsworth,Spellesy,wspellesy66@google.ru,Male,177.151.181.118
224,Orel,Akker,oakker67@barnesandnoble.com,Female,159.242.237.210
225,Nessie,Payler,npayler68@elpais.com,Female,66.163.67.133
226,Margery,Harbison,mharbison69@icq.com,Female,108.4.234.70
227,Lion,Elbourne,lelbourne6a@mapquest.com,Male,214.186.50.194
228,Cosmo,Snibson,csnibson6b@nationalgeographic.com,Male,125.53.160.140
229,Lorry,Carletti,lcarletti6c@craigslist.org,Female,21.232.242.224
230,Kearney,Nekrews,knekrews6d@topsy.com,Bigender,142.107.178.39
231,Frasco,Adenot,fadenot6e@elpais.com,Male,5.163.154.245
232,Ettore,Jeves,ejeves6f@princeton.edu,Male,78.128.229.73
233,Cristian,Bithell,cbithell6g@homestead.com,Male,9.67.146.59
234,Andriette,Costanza,acostanza6h@washingtonpost.com,Female,69.156.190.250
235,Grover,Yabsley,gyabsley6i@utexas.edu,Male,157.248.129.197
236,Homere,Chaddock,hchaddock6j@printfriendly.com,Male,90.65.179.23
237,Durant,Leppington,dleppington6k@admin.ch,Male,136.75.150.250
238,Templeton,Blackmuir,tblackmuir6l@princeton.edu,Male,179.232.113.246
239,Bobbette,Kalewe,bkalewe6m@dedecms.com,Bigender,197.71.38.49
240,Lucio,Dibden,ldibden6n@accuweather.com,Male,243.40.0.185
241,Clementina,Tuiller,ctuiller6o@marketwatch.com,Female,247.34.199.187
242,Roxanne,Eake,reake6p@cafepress.com,Female,182.55.218.137
243,Herbert,Frickey,hfrickey6q@acquirethisname.com,Bigender,128.228.6.96
244,Rick,Bachura,rbachura6r@stumbleupon.com,Male,221.25.145.107
245,Breanne,Quant,bquant6s@webs.com,Genderfluid,1.115.197.139
246,Glyn,Grigorkin,ggrigorkin6t@mapy.cz,Male,198.9.180.127
247,Leshia,Allkins,lallkins6u@webeden.co.uk,Female,255.46.153.9
248,Catlee,Danahar,cdanahar6v@alibaba.com,Female,241.11.24.228
249,Walker,Lavery,wlavery6w@squarespace.com,Male,158.221.147.222
250,Chad,Fairweather,cfairweather6x@economist.com,Male,60.252.74.17
251,Truda,Beetles,tbeetles6y@reuters.com,Female,123.221.3.252
252,Mariya,Dorber,mdorber6z@ibm.com,Female,236.77.160.57
253,Danica,Lindstedt,dlindstedt70@ning.com,Non-binary,213.188.96.84
254,Carling,Hadfield,chadfield71@nbcnews.com,Male,181.171.65.27
255,Eve,MacGettigen,emacgettigen72@mozilla.com,Female,130.102.61.174
256,Burty,Avory,bavory73@illinois.edu,Male,154.212.112.39
257,Anita,Doulton,adoulton74@phoca.cz,Female,7.168.73.50
258,Phylis,Statefield,pstatefield75@craigslist.org,Female,104.27.249.71
259,Yvette,Allmen,yallmen76@ycombinator.com,Female,139.111.114.236
260,Cassius,Olphert,colphert77@mysql.com,Male,160.220.158.233
261,Ilysa,Sherrington,isherrington78@cafepress.com,Bigender,21.193.136.214
262,Adara,Schermick,aschermick79@mapquest.com,Female,88.83.89.72
263,Jeanine,Crock,jcrock7a@hud.gov,Female,98.183.216.142
264,Marline,Bulch,mbulch7b@altervista.org,Female,13.144.75.158
265,Anson,Niesegen,aniesegen7c@studiopress.com,Genderfluid,243.104.44.3
266,Mada,Tineman,mtineman7d@quantcast.com,Female,236.111.223.123
267,Essy,Swindells,eswindells7e@cisco.com,Polygender,3.112.168.90
268,Frederique,Ellams,fellams7f@home.pl,Female,189.80.195.177
269,Marris,Scemp,mscemp7g@printfriendly.com,Female,87.226.37.23
270,Gwyn,McCraine,gmccraine7h@xinhuanet.com,Female,8.79.220.169
271,Agathe,Tumber,atumber7i@feedburner.com,Female,224.34.247.226
272,Madge,Varfalameev,mvarfalameev7j@mediafire.com,Female,116.28.226.176
273,Rivy,Lyst,rlyst7k@psu.edu,Genderqueer,227.223.109.33
274,Simona,Lineen,slineen7l@craigslist.org,Female,97.200.141.231
275,Tyson,Clow,tclow7m@miitbeian.gov.cn,Male,239.95.137.167
276,Ardelle,Cornu,acornu7n@mapy.cz,Female,52.151.235.33
277,Talia,Popescu,tpopescu7o@youtu.be,Female,23.218.39.216
278,Phillipp,Margaritelli,pmargaritelli7p@jugem.jp,Male,37.58.162.87
279,Robby,Farthin,rfarthin7q@bloglines.com,Male,73.160.160.33
280,Stanfield,Gabits,sgabits7r@unesco.org,Male,24.181.176.55
281,Royce,Fosdyke,rfosdyke7s@unc.edu,Male,115.27.141.143
282,Estrella,Spinas,espinas7t@51.la,Bigender,228.61.88.152
283,Flint,Iapico,fiapico7u@t.co,Male,119.106.119.167
284,Valida,Abade,vabade7v@google.ca,Non-binary,172.63.50.167
285,Ole,Meeny,omeeny7w@businesswire.com,Male,103.83.116.88
286,Anne-corinne,Osborne,aosborne7x@4shared.com,Female,176.59.218.128
287,Heda,Giamuzzo,hgiamuzzo7y@cyberchimps.com,Female,194.92.90.101
288,Berk,Slogrove,bslogrove7z@google.com,Male,21.212.92.212
289,Sauveur,Sansome,ssansome80@nasa.gov,Male,130.120.142.55
290,Diandra,Tedder,dtedder81@myspace.com,Female,187.199.50.243
291,Erich,Karlolczak,ekarlolczak82@moonfruit.com,Male,93.8.199.34
292,Jeff,Hounihan,jhounihan83@ted.com,Male,35.166.102.202
293,Sarge,Sandifer,ssandifer84@devhub.com,Male,239.23.208.18
294,Christiana,Bracegirdle,cbracegirdle85@rakuten.co.jp,Female,42.47.194.183
295,Reyna,Van Leeuwen,rvanleeuwen86@nsw.gov.au,Female,22.202.196.241
296,Holt,Avrahamy,havrahamy87@ifeng.com,Male,115.253.98.241
297,Winthrop,O'Keeffe,wokeeffe88@loc.gov,Male,238.91.27.2
298,Flo,Askwith,faskwith89@sina.com.cn,Female,133.80.102.185
299,Aileen,Ibell,aibell8a@github.com,Polygender,121.16.225.33
300,Pascal,Jenyns,pjenyns8b@imdb.com,Male,160.126.134.178
301,Tisha,Maytum,tmaytum8c@cargocollective.com,Female,87.162.78.13
302,Rochette,MacCauley,rmaccauley8d@illinois.edu,Female,17.53.199.48
303,Bebe,Curds,bcurds8e@ask.com,Female,39.62.171.152
304,Catha,Sargerson,csargerson8f@sitemeter.com,Female,137.7.222.207
305,Ronda,Gunthorp,rgunthorp8g@chicagotribune.com,Female,83.247.219.131
306,Charla,Brosini,cbrosini8h@angelfire.com,Female,186.76.38.12
307,Chevy,Pennini,cpennini8i@bravesites.com,Male,94.151.124.221
308,Crystie,Dandison,cdandison8j@ebay.com,Female,178.152.175.69
309,Gisella,McDavid,gmcdavid8k@pcworld.com,Female,76.224.135.239
310,Marten,Falkner,mfalkner8l@princeton.edu,Male,130.16.228.47
311,Zerk,Taaffe,ztaaffe8m@ucoz.com,Male,27.3.97.4
312,Jackson,Doxsey,jdoxsey8n@epa.gov,Male,173.94.170.75
313,Humfried,Stille,hstille8o@wunderground.com,Male,79.37.167.128
314,Edyth,Dallimore,edallimore8p@woothemes.com,Female,68.237.89.221
315,Brewster,Casswell,bcasswell8q@sogou.com,Male,95.204.249.84
316,Eli,Eliasson,eeliasson8r@ed.gov,Genderfluid,47.59.136.58
317,Kathryn,Skoggins,kskoggins8s@miibeian.gov.cn,Female,102.253.83.145
318,Ddene,Bowcock,dbowcock8t@scribd.com,Female,178.213.40.186
319,Randell,Allebone,rallebone8u@guardian.co.uk,Male,119.222.102.211
320,Micheline,Teeney,mteeney8v@qq.com,Female,171.186.182.43
321,Claire,Bollini,cbollini8w@microsoft.com,Male,11.46.37.147
322,Brigit,Abbitt,babbitt8x@apache.org,Female,244.90.211.226
323,Heriberto,Gatenby,hgatenby8y@noaa.gov,Male,232.69.212.118
324,Diandra,Nethercott,dnethercott8z@aboutads.info,Polygender,218.18.249.70
325,Franklin,Enefer,fenefer90@youtu.be,Male,170.144.159.160
326,Diane,Kilfether,dkilfether91@over-blog.com,Non-binary,207.21.246.252
327,Sergeant,Zelland,szelland92@ameblo.jp,Male,4.93.118.168
328,Pauly,Pietroni,ppietroni93@ezinearticles.com,Female,7.67.122.16
329,Willey,Masse,wmasse94@cdbaby.com,Male,227.187.191.111
330,Andrus,Venour,avenour95@hatena.ne.jp,Male,43.101.82.109
331,Gale,Mussetti,gmussetti96@china.com.cn,Female,134.74.181.226
332,Angelica,Poxon,apoxon97@lycos.com,Female,156.227.135.73
333,Jaynell,Fleischer,jfleischer98@ustream.tv,Female,222.75.140.196
334,Clem,Frye,cfrye99@a8.net,Female,118.251.42.159
335,Gregory,De Witt,gdewitt9a@sohu.com,Male,117.51.190.168
336,Elle,Slogrove,eslogrove9b@shop-pro.jp,Agender,34.55.199.223
337,Donica,Janssens,djanssens9c@hatena.ne.jp,Female,87.93.169.157
338,Carver,Yerrell,cyerrell9d@economist.com,Genderqueer,28.208.88.116
339,Moll,McDonagh,mmcdonagh9e@cdbaby.com,Female,180.17.113.249
340,Adan,Cobson,acobson9f@bloglines.com,Female,175.134.111.75
341,Lishe,Jeandeau,ljeandeau9g@soundcloud.com,Genderfluid,231.40.82.181
342,Arlene,Bernucci,abernucci9h@scientificamerican.com,Female,208.225.199.4
343,Cecily,Goudge,cgoudge9i@pinterest.com,Female,74.167.142.156
344,Elliot,Penning,epenning9j@statcounter.com,Male,87.4.214.125
345,Mahmud,Maroney,mmaroney9k@ezinearticles.com,Male,55.156.242.175
346,Anitra,Teare,ateare9l@spiegel.de,Genderqueer,19.186.141.112
347,Judd,Marie,jmarie9m@earthlink.net,Genderfluid,81.253.221.198
348,Dahlia,Halfacree,dhalfacree9n@umich.edu,Non-binary,184.135.243.92
349,Amory,Tizard,atizard9o@theatlantic.com,Male,170.38.214.188
350,Nicolea,Craister,ncraister9p@wordpress.org,Female,184.172.124.191
351,Marin,Farren,mfarren9q@independent.co.uk,Female,93.183.76.170
352,Marci,Perton,mperton9r@cornell.edu,Female,188.98.27.157
353,Dugald,Cumbes,dcumbes9s@networksolutions.com,Male,134.60.125.118
354,Georgine,Pepon,gpepon9t@bloomberg.com,Female,50.42.191.212
355,Pyotr,Briztman,pbriztman9u@instagram.com,Male,117.130.65.61
356,Bryn,Tutt,btutt9v@answers.com,Male,177.120.248.47
357,Lutero,Petzold,lpetzold9w@ovh.net,Male,177.14.39.94
358,Timothy,Kyteley,tkyteley9x@huffingtonpost.com,Male,82.217.119.115
359,Forster,Bretherton,fbretherton9y@canalblog.com,Male,145.86.237.165
360,Olly,Lamswood,olamswood9z@disqus.com,Male,141.123.53.7
361,Jayne,Meneux,jmeneuxa0@instagram.com,Female,19.95.222.225
362,Lissy,Marval,lmarvala1@hao123.com,Female,23.104.161.68
363,Janet,Domenget,jdomengeta2@flavors.me,Female,68.72.151.196
364,Cherida,Sixsmith,csixsmitha3@seattletimes.com,Female,17.104.53.112
365,Jaymie,Wellum,jwelluma4@google.co.uk,Male,226.14.24.168
366,Corey,Garron,cgarrona5@techcrunch.com,Male,150.109.127.35
367,Freeland,Wanstall,fwanstalla6@dailymail.co.uk,Male,168.50.131.17
368,Hetty,Ouslem,houslema7@yelp.com,Female,92.76.67.130
369,Haily,Penddreth,hpenddretha8@boston.com,Genderfluid,100.7.102.135
370,Charin,Episcopi,cepiscopia9@wisc.edu,Female,198.123.86.8
371,Yehudi,Itzkin,yitzkinaa@w3.org,Male,238.239.116.84
372,Aggie,Wooff,awooffab@tripod.com,Female,154.238.158.19
373,Dianne,Gouldthorp,dgouldthorpac@theatlantic.com,Genderfluid,80.55.144.18
374,Barrie,Bubb,bbubbad@mozilla.com,Male,18.192.172.112
375,Ravi,Duddle,rduddleae@china.com.cn,Male,208.153.125.128
376,Noak,Tonkes,ntonkesaf@yelp.com,Male,94.236.223.202
377,Nani,Abramovitch,nabramovitchag@dell.com,Female,29.34.143.117
378,Buddy,Calcut,bcalcutah@slashdot.org,Male,126.243.175.215
379,Luca,Skey,lskeyai@flickr.com,Male,77.106.211.165
380,Phylis,Labat,plabataj@cornell.edu,Agender,183.16.160.66
381,Hartley,Templeton,htempletonak@dedecms.com,Male,30.219.24.70
382,Giovanni,Seago,gseagoal@altervista.org,Male,105.77.213.111
383,Hynda,Brunsen,hbrunsenam@jimdo.com,Female,172.4.177.137
384,Carolin,Rabl,crablan@walmart.com,Agender,199.135.138.169
385,Gay,Gilmore,ggilmoreao@linkedin.com,Male,63.62.181.74
386,Noemi,Wainscoat,nwainscoatap@netvibes.com,Female,179.42.110.250
387,Rosemonde,Van Velden,rvanveldenaq@washingtonpost.com,Female,67.220.66.207
388,Forbes,Wahncke,fwahnckear@github.io,Male,82.220.63.19
389,Rosita,Muirhead,rmuirheadas@china.com.cn,Female,119.178.75.114
390,Tadeo,Sergison,tsergisonat@etsy.com,Genderqueer,173.56.63.22
391,Wainwright,Sugge,wsuggeau@imdb.com,Male,106.133.124.241
392,Roxane,Van Dijk,rvandijkav@patch.com,Female,246.108.128.52
393,Neal,Eberle,neberleaw@furl.net,Male,17.214.103.235
394,Paige,Rayworth,prayworthax@wp.com,Male,237.163.186.122
395,Bernard,Hughson,bhughsonay@woothemes.com,Male,6.83.243.33
396,Patrice,Van den Bosch,pvandenboschaz@opera.com,Male,74.108.37.230
397,Chryste,Craigs,ccraigsb0@fotki.com,Female,230.26.2.170
398,Abby,Nelle,anelleb1@amazon.com,Bigender,87.45.205.30
399,Tiffany,Hirth,thirthb2@usda.gov,Female,215.84.122.255
400,Rochester,Cadamy,rcadamyb3@discovery.com,Male,155.85.49.133
401,Hart,Vannoni,hvannonib4@geocities.jp,Polygender,12.21.173.228
402,Ode,Hammill,ohammillb5@loc.gov,Male,102.157.71.42
403,Creighton,Smallridge,csmallridgeb6@google.com.au,Male,211.82.40.253
404,Alexandrina,Spata,aspatab7@unc.edu,Female,225.47.93.175
405,York,Roussel,yrousselb8@istockphoto.com,Male,40.39.143.52
406,Dee dee,Andrzejowski,dandrzejowskib9@zimbio.com,Female,226.162.159.213
407,Gib,Ely,gelyba@psu.edu,Male,3.64.6.240
408,Alan,Motherwell,amotherwellbb@usda.gov,Male,13.219.249.40
409,Hamish,Flute,hflutebc@mozilla.org,Male,241.234.94.253
410,Gilligan,Twinn,gtwinnbd@wufoo.com,Female,106.135.124.109
411,Corrie,Sorbey,csorbeybe@zdnet.com,Genderfluid,110.85.228.104
412,Ashlan,Colbridge,acolbridgebf@gizmodo.com,Female,185.41.131.206
413,Janeta,Latus,jlatusbg@tmall.com,Female,94.115.163.65
414,Corilla,Carde,ccardebh@mayoclinic.com,Female,49.23.191.116
415,Starr,Hertwell,shertwellbi@edublogs.org,Female,153.154.152.167
416,Dallon,Treamayne,dtreamaynebj@zimbio.com,Male,5.104.187.198
417,Dex,Botterell,dbotterellbk@hibu.com,Male,110.247.101.123
418,Inna,MacInnes,imacinnesbl@samsung.com,Female,143.20.53.244
419,Genevra,Ackroyd,gackroydbm@google.co.jp,Female,57.19.232.26
420,Jess,Clynman,jclynmanbn@163.com,Female,116.119.98.9
421,Pepillo,Clampe,pclampebo@a8.net,Male,47.226.19.255
422,Ermentrude,Swadlen,eswadlenbp@chicagotribune.com,Female,83.38.152.251
423,Cammi,Habin,chabinbq@biglobe.ne.jp,Female,234.53.2.57
424,Remington,Griffith,rgriffithbr@bing.com,Male,129.139.43.40
425,Abby,Lavies,alaviesbs@shutterfly.com,Male,17.68.97.5
426,Amery,Cressy,acressybt@wordpress.org,Male,127.153.195.225
427,Alfy,Habron,ahabronbu@1und1.de,Male,167.21.176.193
428,Eleen,Fairall,efairallbv@harvard.edu,Female,96.35.198.140
429,Chane,Petrasek,cpetrasekbw@washingtonpost.com,Male,111.17.107.132
430,Tandie,Jean,tjeanbx@wiley.com,Female,38.170.120.168
431,Shoshana,Sweetlove,ssweetloveby@wikipedia.org,Female,34.135.103.148
432,Cos,Pennone,cpennonebz@gravatar.com,Male,53.37.233.4
433,Drugi,Attwater,dattwaterc0@jiathis.com,Male,106.83.60.53
434,Ardyth,Prettyjohn,aprettyjohnc1@trellian.com,Female,130.89.202.115
435,Vera,Dalston,vdalstonc2@forbes.com,Female,162.254.20.226
436,Job,Grenshields,jgrenshieldsc3@github.io,Male,135.161.33.133
437,Maxi,Lalley,mlalleyc4@vistaprint.com,Female,64.245.218.250
438,Ludovika,Aleksidze,laleksidzec5@ning.com,Female,98.234.168.126
439,Randell,Ashe,rashec6@furl.net,Male,73.159.15.96
440,Rennie,Speere,rspeerec7@msu.edu,Female,151.159.70.143
441,Ilaire,Warby,iwarbyc8@hc360.com,Male,188.39.187.50
442,Madison,Marcome,mmarcomec9@ifeng.com,Male,141.240.27.253
443,Cassandre,Stewart,cstewartca@state.tx.us,Polygender,0.207.110.245
444,Julie,Curreen,jcurreencb@mozilla.org,Male,85.133.2.140
445,Normie,Raikes,nraikescc@epa.gov,Male,248.118.23.29
446,Caren,Monget,cmongetcd@oracle.com,Female,6.156.21.25
447,Edwina,Alenichicov,ealenichicovce@gravatar.com,Female,254.185.95.129
448,Keven,Irwin,kirwincf@privacy.gov.au,Male,157.223.118.54
449,Coreen,Lillywhite,clillywhitecg@examiner.com,Female,160.222.17.50
450,Adey,Collie,acolliech@posterous.com,Female,29.212.116.195
451,Carmelia,Cawdery,ccawderyci@hp.com,Female,135.69.123.221
452,Kelsey,Andreaccio,kandreacciocj@livejournal.com,Male,74.122.119.199
453,Gertrudis,Askwith,gaskwithck@lulu.com,Non-binary,206.135.0.74
454,Deb,McAree,dmcareecl@bing.com,Female,122.249.183.118
455,Yves,De Launde,ydelaundecm@sakura.ne.jp,Male,91.202.82.186
456,Barnebas,Siviter,bsivitercn@sciencedirect.com,Male,104.125.3.237
457,Miguel,Haking,mhakingco@boston.com,Male,146.125.227.182
458,Travis,Greveson,tgrevesoncp@mapquest.com,Agender,59.185.26.249
459,Hedwiga,Latore,hlatorecq@wikispaces.com,Genderqueer,104.116.107.125
460,Faye,Stenhouse,fstenhousecr@statcounter.com,Female,26.131.216.179
461,Valma,Dionisetto,vdionisettocs@bloomberg.com,Female,225.206.231.52
462,Quentin,Wollaston,qwollastonct@fotki.com,Male,98.133.215.238
463,Gayle,Farr,gfarrcu@instagram.com,Male,178.210.96.15
464,Zonnya,Bahls,zbahlscv@accuweather.com,Female,217.67.230.221
465,Virgina,Eggle,vegglecw@clickbank.net,Female,196.232.37.41
466,Marius,Dominey,mdomineycx@dell.com,Male,241.111.170.152
467,Curcio,Gladden,cgladdency@nifty.com,Male,95.174.236.94
468,Geri,Shobrook,gshobrookcz@stanford.edu,Female,18.162.15.42
469,Quinta,Tottman,qtottmand0@who.int,Female,189.85.204.166
470,Fancie,Megroff,fmegroffd1@nbcnews.com,Female,112.40.226.13
471,Gianni,Yellop,gyellopd2@google.com,Male,207.237.42.164
472,Elliott,Machen,emachend3@jigsy.com,Male,26.198.138.8
473,Mervin,Willoughby,mwilloughbyd4@booking.com,Male,228.96.37.216
474,Atlanta,Spera,asperad5@lycos.com,Female,185.160.88.93
475,Maggi,Luard,mluardd6@harvard.edu,Female,231.172.189.215
476,Christoffer,Le Provost,cleprovostd7@csmonitor.com,Genderfluid,17.2.58.161
477,Wiley,Gannicott,wgannicottd8@hatena.ne.jp,Male,24.111.53.166
478,Lorie,Loveguard,lloveguardd9@youtube.com,Genderfluid,82.211.168.65
479,Darb,Paskerful,dpaskerfulda@narod.ru,Female,46.237.121.45
480,Roger,Rotham,rrothamdb@google.fr,Male,129.204.115.139
481,Dorthy,Gabbott,dgabbottdc@dot.gov,Female,10.207.204.212
482,Floris,Snufflebottom,fsnufflebottomdd@zimbio.com,Female,209.30.219.255
483,Gabriele,Birdfield,gbirdfieldde@gravatar.com,Male,166.85.24.225
484,Chloe,Fleg,cflegdf@wiley.com,Female,226.174.21.106
485,Odilia,Hollingshead,ohollingsheaddg@msu.edu,Female,168.112.171.147
486,Neron,Ladbrook,nladbrookdh@wikipedia.org,Male,143.36.87.149
487,Yehudit,Camis,ycamisdi@phpbb.com,Non-binary,180.82.211.107
488,Gaylor,Van Dale,gvandaledj@soup.io,Male,36.132.16.114
489,Kilian,Sangster,ksangsterdk@parallels.com,Male,41.193.129.186
490,Roxie,Frusher,rfrusherdl@google.com.hk,Female,189.140.213.0
491,Shayne,Leckey,sleckeydm@sakura.ne.jp,Female,203.50.109.104
492,Marion,Locke,mlockedn@example.com,Female,195.169.52.20
493,Derick,Orcas,dorcasdo@over-blog.com,Male,252.67.254.147
494,Selie,Brandom,sbrandomdp@sitemeter.com,Female,198.23.104.182
495,Trent,Faustin,tfaustindq@icq.com,Polygender,186.199.76.188
496,Cherri,Junifer,cjuniferdr@miibeian.gov.cn,Female,36.172.150.68
497,Cecelia,Gonet,cgonetds@nasa.gov,Female,96.68.133.140
498,Alfy,Barttrum,abarttrumdt@tuttocitta.it,Non-binary,95.160.17.249
499,Fredra,Cove,fcovedu@oaic.gov.au,Female,15.111.93.246
500,Mellisa,Lambdon,mlambdondv@ezinearticles.com,Female,66.202.237.134
501,Samara,Pendall,spendalldw@discovery.com,Female,131.67.181.202
502,Trace,Mundwell,tmundwelldx@fema.gov,Male,254.123.225.49
503,Charin,Parkhouse,cparkhousedy@berkeley.edu,Female,90.138.91.38
504,Holli,Bruckman,hbruckmandz@uiuc.edu,Genderqueer,230.147.176.137
505,Eli,Grayling,egraylinge0@netscape.com,Male,204.208.179.5
506,Ailyn,Derisley,aderisleye1@uiuc.edu,Female,180.78.54.255
507,Paul,Bengtsson,pbengtssone2@wiley.com,Genderfluid,253.204.141.128
508,Bobbye,Habbema,bhabbemae3@cnet.com,Female,246.59.121.21
509,Jennine,Randal,jrandale4@fema.gov,Female,219.37.0.46
510,Francis,Kochl,fkochle5@usnews.com,Male,186.218.25.112
511,Terese,Alldis,talldise6@blinklist.com,Female,170.239.147.3
512,Sigmund,de Villier,sdevilliere7@stumbleupon.com,Male,117.4.22.135
513,Lyon,Gartsyde,lgartsydee8@latimes.com,Male,68.12.154.187
514,Heinrick,Cusiter,hcusitere9@sohu.com,Male,91.4.71.204
515,Sibilla,Walentynowicz,swalentynowiczea@bandcamp.com,Agender,66.62.88.29
516,Jeremiah,Pierse,jpierseeb@purevolume.com,Male,234.101.78.231
517,Linda,Matyugin,lmatyuginec@networkadvertising.org,Female,105.78.68.12
518,Karol,Ewence,kewenceed@instagram.com,Female,147.11.128.137
519,Inglebert,Geering,igeeringee@huffingtonpost.com,Male,85.146.38.205
520,Marcellina,Orchart,morchartef@si.edu,Female,84.23.188.251
521,Bailie,Martinho,bmartinhoeg@mlb.com,Agender,21.223.152.25
522,Thaine,Ozanne,tozanneeh@posterous.com,Male,60.78.15.202
523,Rudolf,Rolf,rrolfei@mysql.com,Male,142.231.81.90
524,Lazare,Jakab,ljakabej@mysql.com,Male,203.210.144.13
525,Herschel,Bulley,hbulleyek@dell.com,Male,254.57.59.173
526,Shelli,Pembry,spembryel@squarespace.com,Female,93.238.202.248
527,Noby,Hazard,nhazardem@tripod.com,Male,153.107.108.228
528,Viv,MacGibbon,vmacgibbonen@cbslocal.com,Female,55.157.74.82
529,Sim,Plimmer,splimmereo@hc360.com,Polygender,121.42.73.190
530,Kim,Pettendrich,kpettendrichep@cisco.com,Male,234.3.65.143
531,Levey,Bartozzi,lbartozzieq@virginia.edu,Male,85.29.98.80
532,Susie,Kuschke,skuschkeer@xrea.com,Female,31.164.188.30
533,Kellen,Westby,kwestbyes@google.com.hk,Female,47.141.60.86
534,Cori,Pexton,cpextonet@cnn.com,Female,126.21.255.183
535,Selie,Keirle,skeirleeu@si.edu,Female,142.184.72.12
536,Reggie,Corsar,rcorsarev@msu.edu,Male,169.36.178.77
537,Kele,Rickarsey,krickarseyew@uiuc.edu,Male,242.83.52.2
538,Seana,Waeland,swaelandex@pinterest.com,Female,4.13.255.77
539,Calida,Yerlett,cyerlettey@furl.net,Female,239.253.190.96
540,Sydel,Paniman,spanimanez@gnu.org,Female,215.187.226.54
541,Karry,Deathridge,kdeathridgef0@go.com,Female,122.253.136.183
542,Darleen,Jakubowicz,djakubowiczf1@wsj.com,Polygender,171.185.20.175
543,Julianne,McGuckin,jmcguckinf2@cbslocal.com,Female,92.144.73.47
544,Bibi,Giffard,bgiffardf3@cocolog-nifty.com,Female,214.70.14.143
545,Merwin,Pearcehouse,mpearcehousef4@gravatar.com,Male,141.206.1.5
546,Teresita,Sprigging,tspriggingf5@unesco.org,Female,161.11.2.72
547,Barry,Bizley,bbizleyf6@usatoday.com,Male,224.122.212.209
548,Adlai,Wankling,awanklingf7@stanford.edu,Male,154.114.27.221
549,Evanne,Mowles,emowlesf8@gizmodo.com,Genderqueer,165.147.252.124
550,Matty,Bryson,mbrysonf9@smh.com.au,Male,3.158.125.89
551,Aguie,Renshall,arenshallfa@a8.net,Male,149.1.255.214
552,Al,Pulham,apulhamfb@unc.edu,Male,240.195.73.205
553,Granny,Eccleshare,gecclesharefc@de.vu,Male,114.130.62.89
554,Cindee,Schwandermann,cschwandermannfd@engadget.com,Female,107.170.109.41
555,Tallulah,Estable,testablefe@mediafire.com,Female,174.243.7.228
556,Meryl,Cordeau,mcordeauff@ask.com,Bigender,98.20.145.68
557,Kristyn,Lind,klindfg@ca.gov,Genderfluid,160.30.112.250
558,Allix,Pickance,apickancefh@mozilla.org,Female,154.150.139.237
559,Leandra,Sircombe,lsircombefi@mit.edu,Female,160.137.157.136
560,Padraic,Strain,pstrainfj@pbs.org,Male,177.109.94.113
561,Aida,Grzeskowski,agrzeskowskifk@answers.com,Female,184.140.114.150
562,Rafa,Giovannazzi,rgiovannazzifl@cornell.edu,Female,28.55.161.139
563,Gothart,Cardero,gcarderofm@163.com,Male,207.181.79.85
564,Dennet,Younie,dyouniefn@mit.edu,Male,118.132.253.195
565,Jeanie,Btham,jbthamfo@noaa.gov,Female,241.30.13.123
566,Sigismundo,Lyard,slyardfp@amazon.com,Male,3.44.37.102
567,Janice,Kinnon,jkinnonfq@miitbeian.gov.cn,Female,53.146.210.181
568,Morey,Whenham,mwhenhamfr@whitehouse.gov,Male,99.152.227.142
569,Rhys,Berresford,rberresfordfs@springer.com,Male,127.175.212.232
570,Ladonna,Thomel,lthomelft@chicagotribune.com,Female,214.123.39.152
571,Nelly,Jacobs,njacobsfu@mail.ru,Female,112.82.91.116
572,Giavani,Yurkevich,gyurkevichfv@thetimes.co.uk,Male,93.167.155.227
573,Chelsea,Cullabine,ccullabinefw@intel.com,Female,232.1.28.9
574,Blisse,Faughey,bfaugheyfx@barnesandnoble.com,Female,183.44.204.36
575,Cristian,Lygoe,clygoefy@nba.com,Polygender,138.241.91.248
576,Carmelia,Caldicot,ccaldicotfz@topsy.com,Female,192.151.142.68
577,Dean,Marrow,dmarrowg0@printfriendly.com,Male,182.112.35.236
578,Regina,Podd,rpoddg1@usnews.com,Female,138.219.198.214
579,Caz,Craig,ccraigg2@altervista.org,Male,29.49.99.117
580,Emmey,Hamblington,ehamblingtong3@mapquest.com,Female,62.210.45.214
581,Robinson,Linnell,rlinnellg4@businessweek.com,Male,39.131.237.192
582,Sean,Shakesby,sshakesbyg5@comcast.net,Male,126.18.124.1
583,Sauncho,Glynne,sglynneg6@mapquest.com,Male,4.66.174.54
584,Adair,Hargie,ahargieg7@exblog.jp,Male,145.200.35.16
585,Maximo,Petrovic,mpetrovicg8@usnews.com,Male,63.122.23.65
586,Billi,Thyng,bthyngg9@gravatar.com,Female,113.225.6.215
587,Megen,St. Quintin,mstquintinga@list-manage.com,Female,13.147.67.151
588,Filia,Mccaull,fmccaullgb@privacy.gov.au,Female,103.63.31.202
589,Hi,Dyde,hdydegc@tinypic.com,Male,38.242.193.54
590,Kiley,Heinschke,kheinschkegd@independent.co.uk,Male,5.161.135.143
591,Henrie,McConnachie,hmcconnachiege@google.it,Female,49.234.195.73
592,Mathilda,Fenwick,mfenwickgf@google.it,Female,74.81.95.213
593,Bartolomeo,Farfalameev,bfarfalameevgg@mac.com,Male,253.134.128.1
594,Tandie,Trillow,ttrillowgh@feedburner.com,Female,66.180.51.0
595,Lindie,Menel,lmenelgi@constantcontact.com,Female,31.196.47.158
596,Geraldine,Matuszewski,gmatuszewskigj@gov.uk,Female,254.220.124.111
597,Francisca,Yarwood,fyarwoodgk@shop-pro.jp,Female,72.66.66.221
598,Cordy,Eastridge,ceastridgegl@cbsnews.com,Female,196.132.236.59
599,Davidson,Bosse,dbossegm@hibu.com,Male,45.53.177.45
600,Quintilla,Daniely,qdanielygn@berkeley.edu,Female,219.162.43.24
601,Belva,Lyne,blynego@google.com.hk,Female,169.128.188.71
602,Jennica,Liddle,jliddlegp@ask.com,Female,120.63.27.43
603,Alvera,Pennyman,apennymangq@shinystat.com,Female,99.30.42.32
604,Kimmie,Del Dello,kdeldellogr@ed.gov,Female,21.59.207.174
605,Samson,Duplain,sduplaings@privacy.gov.au,Male,94.161.190.74
606,Davon,Perelli,dperelligt@yolasite.com,Male,58.250.80.101
607,Brianne,McMeeking,bmcmeekinggu@smugmug.com,Female,0.152.12.82
608,Godwin,Hinckes,ghinckesgv@google.de,Male,193.21.29.249
609,Lester,Gaynesford,lgaynesfordgw@phoca.cz,Male,142.65.176.152
610,Kerrin,Sleit,ksleitgx@cdc.gov,Polygender,243.171.116.11
611,Bendick,Elstub,belstubgy@nhs.uk,Male,248.135.45.174
612,Lucilia,Buckel,lbuckelgz@cloudflare.com,Female,162.29.136.255
613,Donall,Kornacki,dkornackih0@craigslist.org,Male,7.158.221.158
614,Benny,Ajean,bajeanh1@ow.ly,Female,182.177.143.106
615,Guglielma,Tinston,gtinstonh2@alibaba.com,Female,20.79.184.174
616,Allina,Piddock,apiddockh3@uiuc.edu,Female,201.48.192.178
617,Trudey,Veillard,tveillardh4@constantcontact.com,Female,139.250.124.45
618,Iorgo,Nockells,inockellsh5@ted.com,Male,14.190.250.140
619,Hebert,Naisbitt,hnaisbitth6@ibm.com,Male,36.4.170.232
620,Kara-lynn,Grebbin,kgrebbinh7@hibu.com,Female,67.88.95.136
621,Kirby,Cabel,kcabelh8@aboutads.info,Male,198.104.31.47
622,Burr,Sherreard,bsherreardh9@redcross.org,Male,240.30.82.24
623,Cristiano,Kleinhaus,ckleinhausha@gov.uk,Male,95.115.154.170
624,Loy,Dineges,ldinegeshb@nifty.com,Male,138.40.100.84
625,Nahum,Byfield,nbyfieldhc@comsenz.com,Male,246.66.186.134
626,Elysee,Girhard,egirhardhd@weebly.com,Female,46.87.8.133
627,Hardy,Attwill,hattwillhe@blogger.com,Male,133.122.210.237
628,Veda,Dobby,vdobbyhf@nba.com,Female,228.64.111.249
629,Gauthier,Skoughman,gskoughmanhg@fda.gov,Male,1.32.156.199
630,Kelbee,Vase,kvasehh@wiley.com,Genderfluid,214.29.182.146
631,Leah,Dirr,ldirrhi@merriam-webster.com,Female,232.85.0.213
632,Kerstin,Rolph,krolphhj@elegantthemes.com,Female,191.7.186.83
633,Shandy,Beckensall,sbeckensallhk@redcross.org,Female,240.207.143.114
634,Pavia,Blake,pblakehl@globo.com,Female,51.158.46.171
635,Perry,Penman,ppenmanhm@intel.com,Male,232.34.235.91
636,Rufus,Mourge,rmourgehn@cloudflare.com,Male,102.229.129.186
637,Lyda,McIlwraith,lmcilwraithho@yahoo.com,Female,101.163.110.51
638,Sheryl,Borleace,sborleacehp@slideshare.net,Female,188.172.171.138
639,Daron,Mottershead,dmottersheadhq@gov.uk,Female,107.131.189.82
640,Felicity,Duffil,fduffilhr@economist.com,Female,159.154.108.199
641,Stavro,Gatchell,sgatchellhs@toplist.cz,Male,126.30.184.7
642,Brantley,Klimpke,bklimpkeht@a8.net,Male,172.36.129.202
643,Iver,Aspden,iaspdenhu@businessweek.com,Male,230.62.134.57
644,Gabbi,Cargen,gcargenhv@phpbb.com,Female,116.172.247.104
645,Isaac,Josofovitz,ijosofovitzhw@hatena.ne.jp,Male,20.86.91.181
646,Gardner,De Michetti,gdemichettihx@smh.com.au,Male,141.231.51.114
647,Bertie,Beden,bbedenhy@weibo.com,Male,173.31.230.38
648,Alli,Godard,agodardhz@microsoft.com,Female,79.105.202.173
649,Tabby,Doveston,tdovestoni0@sogou.com,Male,180.72.163.179
650,Erek,Sidgwick,esidgwicki1@people.com.cn,Male,157.2.140.150
651,Quincey,Timbs,qtimbsi2@amazonaws.com,Male,4.215.185.231
652,Federico,Keyhoe,fkeyhoei3@reference.com,Male,160.187.2.222
653,Karna,Woollin,kwoollini4@friendfeed.com,Female,197.6.231.214
654,Lionel,Eayres,leayresi5@cafepress.com,Male,165.196.140.62
655,Graeme,Westley,gwestleyi6@va.gov,Male,141.6.154.142
656,Torry,Medendorp,tmedendorpi7@addtoany.com,Male,186.14.21.123
657,Ysabel,Male,ymalei8@soup.io,Female,64.38.220.88
658,Dody,Matieu,dmatieui9@mozilla.com,Female,35.83.73.68
659,Agnola,Pickford,apickfordia@fc2.com,Female,198.221.188.172
660,Cherish,Mosedill,cmosedillib@about.me,Female,78.76.180.28
661,Julina,Boraston,jborastonic@telegraph.co.uk,Female,206.208.208.156
662,Goober,Korous,gkorousid@wsj.com,Polygender,50.101.37.84
663,Hilary,Coston,hcostonie@japanpost.jp,Genderfluid,253.49.177.230
664,Opaline,Lucey,oluceyif@freewebs.com,Female,116.138.113.33
665,Emmie,Thorley,ethorleyig@bandcamp.com,Female,208.7.0.20
666,Odilia,Duny,odunyih@census.gov,Female,186.2.184.159
667,Kermie,Blemen,kblemenii@fc2.com,Male,21.236.62.114
668,Brigid,McGhie,bmcghieij@deviantart.com,Female,54.136.212.132
669,Alfredo,Kindred,akindredik@wordpress.org,Male,249.176.107.105
670,Shem,Candelin,scandelinil@gov.uk,Male,7.246.215.50
671,Nerissa,Lovie,nlovieim@bigcartel.com,Female,3.210.116.211
672,Elicia,Cantor,ecantorin@ifeng.com,Female,42.163.187.180
673,Noellyn,Elgey,nelgeyio@virginia.edu,Female,179.118.255.218
674,Chevy,Belison,cbelisonip@scientificamerican.com,Male,192.115.208.54
675,Koenraad,Aird,kairdiq@youku.com,Male,108.16.139.185
676,Nolly,Chittie,nchittieir@time.com,Male,112.12.165.6
677,Bendicty,Van Oord,bvanoordis@aol.com,Male,45.75.24.3
678,Pace,McCuis,pmccuisit@home.pl,Male,107.232.5.89
679,Domini,Gaspar,dgaspariu@japanpost.jp,Female,117.133.85.95
680,Addie,Baudou,abaudouiv@goo.gl,Female,104.203.165.24
681,Anette,Cornner,acornneriw@shinystat.com,Female,21.18.231.140
682,Florenza,Ackerman,fackermanix@infoseek.co.jp,Female,43.234.243.127
683,Sybille,Bottrill,sbottrilliy@dropbox.com,Female,141.24.246.242
684,Fax,Willoughby,fwilloughbyiz@sohu.com,Male,108.247.51.56
685,Beryl,Bellefant,bbellefantj0@bizjournals.com,Female,220.100.80.39
686,Kamilah,Wiburn,kwiburnj1@ebay.co.uk,Female,95.97.220.239
687,Rozelle,McAmish,rmcamishj2@4shared.com,Female,124.158.180.3
688,Haley,Skill,hskillj3@miibeian.gov.cn,Male,9.250.75.150
689,Ashla,Cristofanini,acristofaninij4@statcounter.com,Female,220.179.13.162
690,Gib,MacRory,gmacroryj5@over-blog.com,Male,245.17.119.205
691,Corbet,Schmidt,cschmidtj6@odnoklassniki.ru,Male,139.50.44.50
692,Mariellen,Elham,melhamj7@spotify.com,Female,130.3.182.254
693,Gwendolyn,Calcott,gcalcottj8@uiuc.edu,Female,130.150.217.105
694,Jervis,Duffy,jduffyj9@diigo.com,Male,122.56.27.167
695,Marietta,Rebillard,mrebillardja@example.com,Female,26.39.228.47
696,Violet,Bolden,vboldenjb@columbia.edu,Female,200.156.86.231
697,Sebastiano,Awcock,sawcockjc@storify.com,Male,177.83.6.16
698,Amie,Sime,asimejd@apache.org,Female,222.170.169.19
699,Brianne,Dimont,bdimontje@qq.com,Female,177.216.138.94
700,Lilias,Sides,lsidesjf@soup.io,Female,228.244.37.234
701,Thorndike,Sholl,tsholljg@globo.com,Genderqueer,211.90.100.95
702,Kelbee,Oatley,koatleyjh@state.gov,Male,31.96.158.77
703,Janetta,Runchman,jrunchmanji@theglobeandmail.com,Female,14.38.220.77
704,Clint,Wittey,cwitteyjj@kickstarter.com,Male,37.247.193.171
705,Blondy,Batrim,bbatrimjk@addtoany.com,Female,92.114.174.97
706,Rosalinde,Maxwell,rmaxwelljl@oaic.gov.au,Female,128.69.145.136
707,Laney,Lydden,llyddenjm@a8.net,Male,240.185.20.33
708,Marchall,Bemlott,mbemlottjn@bloglines.com,Male,3.136.51.16
709,Thekla,Paddick,tpaddickjo@canalblog.com,Female,182.13.219.69
710,Phil,Ruddiforth,pruddiforthjp@home.pl,Male,177.84.254.36
711,Chan,Corbett,ccorbettjq@chicagotribune.com,Male,209.87.192.205
712,Consuelo,Baudoux,cbaudouxjr@surveymonkey.com,Female,241.172.74.179
713,Win,Caret,wcaretjs@a8.net,Male,233.231.43.126
714,Lian,Madgett,lmadgettjt@auda.org.au,Female,125.180.35.182
715,Greer,Rabbage,grabbageju@bbb.org,Female,99.36.249.37
716,Barret,McBrier,bmcbrierjv@examiner.com,Male,151.230.150.231
717,Zane,Poolman,zpoolmanjw@sbwire.com,Male,82.3.155.139
718,Wynn,Feacham,wfeachamjx@mayoclinic.com,Male,153.182.163.54
719,Chet,Conring,cconringjy@example.com,Male,31.190.135.209
720,Gerrilee,Basford,gbasfordjz@hhs.gov,Female,191.186.189.175
721,Cly,Hakewell,chakewellk0@ning.com,Male,81.241.59.193
722,Conny,Dewer,cdewerk1@narod.ru,Male,234.195.33.23
723,Lenna,Foro,lforok2@psu.edu,Female,58.228.203.180
724,Si,Stoakley,sstoakleyk3@ebay.com,Male,27.206.133.95
725,Ninette,Copcote,ncopcotek4@upenn.edu,Female,131.109.36.221
726,Jacki,Jepp,jjeppk5@nih.gov,Female,9.28.103.216
727,Kassandra,Dyerson,kdyersonk6@hc360.com,Female,192.253.221.59
728,Abba,Girth,agirthk7@apache.org,Male,233.195.135.35
729,Frants,Tayloe,ftayloek8@nps.gov,Male,128.194.139.45
730,Loren,Molineaux,lmolineauxk9@usa.gov,Female,150.170.5.235
731,Osmond,Oda,oodaka@parallels.com,Genderfluid,33.14.125.133
732,Marcellus,Lentsch,mlentschkb@spotify.com,Male,205.126.95.218
733,Lemmie,Godfray,lgodfraykc@liveinternet.ru,Male,204.228.105.189
734,Grier,Neill,gneillkd@csmonitor.com,Female,88.158.115.208
735,Barnie,Bodiam,bbodiamke@google.de,Male,180.35.200.249
736,Lelah,Eccleston,lecclestonkf@wufoo.com,Bigender,53.190.67.98
737,Marta,Weekland,mweeklandkg@blinklist.com,Genderqueer,39.68.122.10
738,Bordy,Rust,brustkh@bloglovin.com,Male,144.182.212.5
739,Kristofer,Summerscales,ksummerscaleski@yellowbook.com,Male,171.194.31.99
740,Lorenzo,Fouch,lfouchkj@google.com.br,Male,126.112.70.115
741,Mufinella,Waylett,mwaylettkk@paypal.com,Female,210.132.206.248
742,Slade,Marrable,smarrablekl@scientificamerican.com,Male,183.242.208.110
743,Janek,Hablot,jhablotkm@trellian.com,Male,137.156.140.110
744,Goraud,Willimott,gwillimottkn@pagesperso-orange.fr,Male,21.227.8.73
745,Reinwald,Souster,rsousterko@imageshack.us,Male,165.22.167.135
746,Barnebas,McFeate,bmcfeatekp@opera.com,Male,32.27.167.52
747,Elliott,Wapplington,ewapplingtonkq@wordpress.org,Male,213.41.71.49
748,Clayborn,Gresch,cgreschkr@google.ru,Male,249.181.196.41
749,Mallorie,Vine,mvineks@intel.com,Female,4.203.36.119
750,Cory,Cornau,ccornaukt@tiny.cc,Female,243.105.126.102
751,Roxanna,Steggals,rsteggalsku@homestead.com,Female,120.3.55.5
752,Angel,Scotchford,ascotchfordkv@slashdot.org,Genderfluid,166.200.40.107
753,Chicky,Winckle,cwincklekw@fema.gov,Female,214.121.52.229
754,Percival,Portt,pporttkx@tiny.cc,Male,254.143.175.111
755,Marietta,Pawelek,mpawelekky@loc.gov,Female,192.69.109.15
756,Lezley,Feechan,lfeechankz@telegraph.co.uk,Genderfluid,38.229.206.193
757,Rudolph,Calderbank,rcalderbankl0@independent.co.uk,Male,179.63.199.245
758,Fanya,Wheway,fwhewayl1@cornell.edu,Female,159.227.80.17
759,Obediah,Quiddington,oquiddingtonl2@google.com.br,Male,71.34.176.145
760,Lissy,Baudins,lbaudinsl3@answers.com,Female,190.184.202.244
761,Nevsa,Withringten,nwithringtenl4@dedecms.com,Female,105.99.127.79
762,Pris,Brankley,pbrankleyl5@hugedomains.com,Female,128.73.89.121
763,Lindsey,Jodkowski,ljodkowskil6@a8.net,Male,203.15.231.1
764,Celinda,Cutteridge,ccutteridgel7@nature.com,Non-binary,12.142.28.131
765,Tonnie,Clines,tclinesl8@ameblo.jp,Male,72.210.155.228
766,Humfrid,Ghelerdini,hghelerdinil9@exblog.jp,Male,92.210.8.240
767,Gamaliel,Stallebrass,gstallebrassla@yolasite.com,Male,248.146.125.29
768,Conroy,Skamal,cskamallb@theatlantic.com,Male,177.84.199.255
769,Zelma,MacCaughey,zmaccaugheylc@foxnews.com,Female,247.191.206.1
770,Kaja,Izen,kizenld@myspace.com,Female,107.29.194.76
771,Ray,Ledamun,rledamunle@deviantart.com,Female,127.80.209.216
772,Iggy,Dransfield,idransfieldlf@unesco.org,Agender,31.241.215.225
773,Marjy,Gaynes,mgayneslg@google.com,Female,18.136.2.251
774,Kara-lynn,Swinn,kswinnlh@photobucket.com,Female,89.81.124.142
775,Pietrek,Pashbee,ppashbeeli@surveymonkey.com,Male,222.237.160.249
776,Fredi,Jiroutka,fjiroutkalj@e-recht24.de,Female,229.181.125.60
777,Dani,Wolfinger,dwolfingerlk@salon.com,Male,143.186.173.189
778,Donny,Meates,dmeatesll@yellowbook.com,Female,15.176.101.121
779,Hillard,Cowderoy,hcowderoylm@sciencedaily.com,Male,215.185.14.68
780,Garwin,Hallgarth,ghallgarthln@diigo.com,Male,156.42.243.240
781,Carrol,Hardinge,chardingelo@theguardian.com,Male,239.250.228.187
782,Bronny,Oliveira,boliveiralp@bbb.org,Bigender,240.185.102.189
783,Garey,Pigot,gpigotlq@nasa.gov,Male,133.126.152.225
784,Susanetta,Fidgin,sfidginlr@census.gov,Non-binary,244.101.72.93
785,Dallon,Kauscher,dkauscherls@msn.com,Male,171.135.169.26
786,Doy,Moatt,dmoattlt@bloglovin.com,Male,38.248.55.81
787,Margit,Friman,mfrimanlu@va.gov,Female,84.184.91.151
788,Louisette,Stubbings,lstubbingslv@people.com.cn,Female,246.151.255.42
789,Suzann,Jankovic,sjankoviclw@scribd.com,Female,12.101.252.165
790,Jasen,Boorman,jboormanlx@sphinn.com,Male,142.123.89.12
791,Hector,Gilbane,hgilbanely@tmall.com,Male,157.196.20.241
792,Stanislaus,Knotte,sknottelz@moonfruit.com,Male,94.129.163.193
793,Germain,Goodban,ggoodbanm0@goodreads.com,Genderqueer,255.23.157.86
794,Alexia,Gambie,agambiem1@vimeo.com,Female,102.160.196.193
795,Lefty,Antonucci,lantonuccim2@freewebs.com,Male,39.20.114.30
796,Briana,Reveley,breveleym3@amazon.co.jp,Female,138.177.84.95
797,Beilul,Alloisi,balloisim4@nydailynews.com,Female,240.236.102.174
798,Diarmid,Bartalucci,dbartaluccim5@nps.gov,Male,151.192.206.193
799,Tracy,Clowney,tclowneym6@163.com,Genderfluid,198.71.173.182
800,Ramonda,Foreman,rforemanm7@phpbb.com,Female,211.11.198.197
801,Shelia,Oades,soadesm8@ask.com,Female,199.57.131.222
802,Vladimir,Waggett,vwaggettm9@t.co,Male,129.179.81.174
803,Lucky,Boller,lbollerma@chron.com,Female,147.210.135.22
804,Charita,Byer,cbyermb@jiathis.com,Female,159.6.152.152
805,Aldin,Gerald,ageraldmc@opensource.org,Male,187.50.177.250
806,Ambrosio,Piercy,apiercymd@csmonitor.com,Male,161.180.249.120
807,Doro,Collier,dcollierme@wikimedia.org,Bigender,244.52.51.224
808,Nat,Lomaz,nlomazmf@facebook.com,Male,217.174.23.239
809,Erskine,Quarless,equarlessmg@admin.ch,Genderqueer,44.194.14.236
810,Rodrigo,Gabotti,rgabottimh@imdb.com,Agender,155.86.31.130
811,Frannie,Ruttgers,fruttgersmi@foxnews.com,Female,161.244.70.235
812,Margret,Marran,mmarranmj@oakley.com,Female,39.50.90.137
813,Wren,Beckers,wbeckersmk@economist.com,Female,15.119.159.107
814,Patrice,Moran,pmoranml@washington.edu,Male,54.116.160.127
815,Dulce,Molines,dmolinesmm@timesonline.co.uk,Female,113.90.63.171
816,Jessamine,Whiles,jwhilesmn@ucoz.ru,Female,8.234.163.45
817,Dud,Mate,dmatemo@shinystat.com,Male,87.244.79.4
818,Ailbert,Winney,awinneymp@themeforest.net,Male,8.69.27.230
819,Brandise,Parmiter,bparmitermq@is.gd,Female,98.64.184.64
820,Urson,Cronshaw,ucronshawmr@flavors.me,Male,9.64.106.255
821,Euphemia,Davidow,edavidowms@gravatar.com,Female,212.92.140.40
822,Clarice,Bolderson,cboldersonmt@wufoo.com,Non-binary,253.66.182.0
823,Lura,Janaway,ljanawaymu@wordpress.org,Female,245.128.102.241
824,Bertha,Dimont,bdimontmv@aboutads.info,Female,88.154.158.47
825,Carmelita,Brisley,cbrisleymw@g.co,Female,90.208.148.234
826,Jarrid,Strowlger,jstrowlgermx@fastcompany.com,Male,21.220.217.91
827,Dru,Hurne,dhurnemy@abc.net.au,Female,174.234.143.248
828,Miller,Bouskill,mbouskillmz@bigcartel.com,Male,139.17.146.126
829,Nicholas,Wilcocks,nwilcocksn0@free.fr,Non-binary,36.97.108.191
830,Georgetta,Kybbye,gkybbyen1@loc.gov,Female,209.21.201.210
831,Wallache,Call,wcalln2@pen.io,Male,127.75.163.242
832,Augustina,Cay,acayn3@ustream.tv,Female,248.167.239.151
833,Meryl,Duberry,mduberryn4@discuz.net,Male,181.12.145.69
834,Lyndell,Stirrup,lstirrupn5@nbcnews.com,Female,193.133.174.179
835,Maurene,Few,mfewn6@newyorker.com,Female,0.180.37.114
836,Hurlee,Suero,hsueron7@upenn.edu,Male,64.179.202.22
837,Kearney,Hellwich,khellwichn8@sfgate.com,Male,38.104.87.30
838,Rayner,Petche,rpetchen9@photobucket.com,Male,68.148.239.233
839,Gwenora,Brickhill,gbrickhillna@last.fm,Female,69.132.207.57
840,Heddi,Whitlaw,hwhitlawnb@theatlantic.com,Female,23.81.254.172
841,Perry,Cloake,pcloakenc@prweb.com,Genderfluid,81.185.220.79
842,Christos,Batsford,cbatsfordnd@google.pl,Male,42.201.252.69
843,Alphonso,Millmoe,amillmoene@blogspot.com,Genderfluid,33.50.79.230
844,Earvin,Aizikovich,eaizikovichnf@nationalgeographic.com,Male,93.110.85.98
845,Boothe,Leport,bleportng@so-net.ne.jp,Male,42.246.93.221
846,Zachariah,Bouzek,zbouzeknh@histats.com,Male,222.60.161.116
847,Stephannie,Isles,sislesni@virginia.edu,Female,95.118.61.84
848,Almeria,Dust,adustnj@miitbeian.gov.cn,Female,81.90.241.54
849,Everett,Noblett,enoblettnk@irs.gov,Male,189.227.180.166
850,Lucina,Bunch,lbunchnl@nifty.com,Female,59.62.170.184
851,Gardener,Garham,ggarhamnm@gov.uk,Male,249.213.165.55
852,Marie,Marvelley,mmarvelleynn@mtv.com,Female,2.134.250.189
853,Ilysa,Primmer,iprimmerno@facebook.com,Female,206.183.224.189
854,Matthieu,Dobrowolny,mdobrowolnynp@craigslist.org,Male,115.200.82.87
855,Aeriela,Anstie,aanstienq@bing.com,Female,236.3.136.119
856,Janot,Kilshall,jkilshallnr@macromedia.com,Female,80.102.194.45
857,Jarvis,Macon,jmaconns@cnet.com,Male,18.115.240.121
858,Israel,Tripett,itripettnt@yahoo.co.jp,Male,241.63.171.198
859,Carey,Moores,cmooresnu@pcworld.com,Female,148.151.52.53
860,Gibbie,Golder,ggoldernv@cisco.com,Male,204.90.74.61
861,Wit,Mullis,wmullisnw@facebook.com,Male,178.200.233.177
862,Hans,Preator,hpreatornx@yolasite.com,Male,112.93.251.250
863,Teddy,Pinkstone,tpinkstoneny@nasa.gov,Male,213.191.151.246
864,Devin,Knightley,dknightleynz@photobucket.com,Female,218.150.2.154
865,Corella,Ponnsett,cponnsetto0@yale.edu,Female,141.140.131.172
866,Larine,Caughan,lcaughano1@ebay.co.uk,Female,99.143.65.89
867,Sarina,Linny,slinnyo2@last.fm,Female,130.106.108.148
868,Chanda,Blaver,cblavero3@google.it,Female,149.132.86.187
869,Binnie,Losebie,blosebieo4@lulu.com,Female,215.35.167.97
870,Kandy,Boate,kboateo5@boston.com,Female,187.184.175.59
871,Quentin,Manginot,qmanginoto6@redcross.org,Female,1.53.178.178
872,Esmeralda,Lindop,elindopo7@deviantart.com,Non-binary,46.222.249.226
873,Hadrian,Grisdale,hgrisdaleo8@cnet.com,Male,205.51.197.97
874,Ole,Seagrave,oseagraveo9@smh.com.au,Male,202.227.43.87
875,Leo,Cawsy,lcawsyoa@webmd.com,Male,122.55.208.27
876,Enrichetta,Enns,eennsob@vinaora.com,Female,129.10.137.230
877,Gibb,Seagrave,gseagraveoc@cmu.edu,Male,216.55.145.218
878,Jehanna,Curle,jcurleod@ucoz.ru,Female,20.18.57.9
879,Patton,Bartak,pbartakoe@techcrunch.com,Male,210.135.25.82
880,Phillip,Ollier,pollierof@macromedia.com,Male,83.240.94.143
881,Jeana,Tolan,jtolanog@fastcompany.com,Female,68.15.93.16
882,Marsh,Wernher,mwernheroh@behance.net,Male,221.24.26.55
883,Missy,Cordie,mcordieoi@hibu.com,Female,191.253.188.33
884,Lisa,Polglaze,lpolglazeoj@spotify.com,Female,83.101.195.106
885,Jordan,Abarough,jabaroughok@lycos.com,Male,77.114.80.104
886,Allister,Maunder,amaunderol@altervista.org,Male,35.117.185.19
887,Elisha,Polini,epoliniom@baidu.com,Female,101.123.222.65
888,Huntley,Askam,haskamon@miibeian.gov.cn,Polygender,85.88.204.56
889,Shoshana,Swyn,sswynoo@ustream.tv,Female,14.209.106.102
890,Hermione,Laurenz,hlaurenzop@dmoz.org,Female,210.80.28.131
891,Worthington,Novill,wnovilloq@cpanel.net,Male,141.157.193.130
892,Jeffie,Gilluley,jgilluleyor@cbsnews.com,Male,137.38.164.140
893,Kalindi,Tutin,ktutinos@mediafire.com,Female,49.60.182.245
894,Nicko,Henrionot,nhenrionotot@istockphoto.com,Male,82.173.145.181
895,Benji,MacCheyne,bmaccheyneou@purevolume.com,Male,190.145.3.151
896,Stormie,Sowerby,ssowerbyov@mayoclinic.com,Female,136.221.57.189
897,Adah,Kayser,akayserow@redcross.org,Female,208.80.56.139
898,Willi,Mearns,wmearnsox@purevolume.com,Genderfluid,140.143.148.18
899,Madeline,Kleeman,mkleemanoy@npr.org,Female,239.122.114.34
900,Monro,Chestnutt,mchestnuttoz@cocolog-nifty.com,Male,22.97.205.25
901,Cindi,Folomkin,cfolomkinp0@ed.gov,Female,198.134.221.90
902,Lamond,Lightwood,llightwoodp1@github.com,Male,65.32.203.78
903,Danya,Zahor,dzahorp2@japanpost.jp,Female,127.62.253.64
904,Den,Widdocks,dwiddocksp3@ezinearticles.com,Male,54.200.134.117
905,Chrotoem,Peddar,cpeddarp4@dell.com,Male,46.217.159.16
906,Brennan,Lacer,blacerp5@auda.org.au,Male,188.64.59.217
907,Jaquenetta,Derycot,jderycotp6@a8.net,Female,179.98.0.247
908,Dionisio,Ponde,dpondep7@mit.edu,Male,180.147.136.198
909,Gaile,Abels,gabelsp8@toplist.cz,Male,218.197.151.44
910,Hurlee,Boardman,hboardmanp9@omniture.com,Non-binary,221.83.172.101
911,Lindy,Pittson,lpittsonpa@barnesandnoble.com,Male,143.134.201.129
912,Ianthe,Bowmer,ibowmerpb@diigo.com,Female,156.57.89.107
913,Tanny,Syder,tsyderpc@over-blog.com,Male,78.250.228.38
914,Cordey,McGeachie,cmcgeachiepd@ning.com,Female,105.228.215.180
915,Shadow,Beckinsall,sbeckinsallpe@nature.com,Male,166.169.12.225
916,Caesar,Elverston,celverstonpf@mayoclinic.com,Male,253.181.164.69
917,Ralph,Bosson,rbossonpg@unesco.org,Male,96.19.248.60
918,Marmaduke,Kanwell,mkanwellph@github.io,Male,102.202.210.77
919,Holmes,Matas,hmataspi@t-online.de,Male,164.11.115.6
920,Sammie,Lumb,slumbpj@ibm.com,Male,21.149.208.249
921,Rosamond,Vater,rvaterpk@artisteer.com,Female,248.114.87.35
922,Beverly,Rubinfajn,brubinfajnpl@techcrunch.com,Female,158.215.124.124
923,Claudian,Nozzolii,cnozzoliipm@google.de,Male,33.218.252.231
924,Marquita,Brunn,mbrunnpn@posterous.com,Female,243.146.11.133
925,Papagena,Byllam,pbyllampo@marketwatch.com,Female,199.106.56.51
926,Sallyann,Undrell,sundrellpp@hatena.ne.jp,Bigender,18.30.103.206
927,Sean,Pardy,spardypq@patch.com,Female,109.219.128.122
928,Sianna,Blois,sbloispr@si.edu,Female,235.246.5.144
929,Eben,Halson,ehalsonps@apple.com,Male,230.217.93.31
930,Eddy,Pringuer,epringuerpt@home.pl,Female,41.178.17.217
931,Em,Durrance,edurrancepu@ask.com,Female,47.18.86.149
932,Matthieu,Bang,mbangpv@psu.edu,Male,91.109.219.14
933,Gaye,Fruser,gfruserpw@digg.com,Female,115.147.19.39
934,Burk,Huffy,bhuffypx@bbb.org,Polygender,201.180.47.27
935,Bernadette,Tompkinson,btompkinsonpy@usatoday.com,Female,48.180.161.35
936,Hattie,Noon,hnoonpz@dailymotion.com,Genderqueer,231.22.10.245
937,Matilde,Stocks,mstocksq0@foxnews.com,Female,253.128.101.33
938,Xylina,Pridgeon,xpridgeonq1@g.co,Female,203.84.72.111
939,Cissy,Stampfer,cstampferq2@toplist.cz,Female,245.109.87.198
940,Costa,Breit,cbreitq3@yelp.com,Male,120.87.35.245
941,Donelle,Dullingham,ddullinghamq4@dropbox.com,Female,210.241.7.37
942,Bear,Wain,bwainq5@canalblog.com,Male,31.4.12.106
943,Igor,Higbin,ihigbinq6@pen.io,Male,166.50.31.31
944,Claudine,Heynel,cheynelq7@adobe.com,Female,97.161.14.203
945,Kerk,Clemett,kclemettq8@wunderground.com,Male,245.182.133.156
946,Shadow,Kleinert,skleinertq9@forbes.com,Male,130.29.26.192
947,Mac,Redfield,mredfieldqa@mapquest.com,Male,66.71.157.231
948,Emalee,Standeven,estandevenqb@fastcompany.com,Female,140.70.132.78
949,Welch,Meaker,wmeakerqc@symantec.com,Genderfluid,29.90.18.41
950,Ad,Poller,apollerqd@icq.com,Male,206.148.188.159
951,Bogart,Knifton,bkniftonqe@reference.com,Male,82.176.143.180
952,Em,Zavattari,ezavattariqf@drupal.org,Female,191.141.217.71
953,Edie,Vitall,evitallqg@hud.gov,Female,223.156.18.193
954,Devin,Dillet,ddilletqh@ow.ly,Female,116.135.212.221
955,Marya,Baptista,mbaptistaqi@amazon.de,Agender,188.104.147.66
956,Belva,Dunne,bdunneqj@tiny.cc,Female,138.24.147.243
957,Wheeler,Conibeer,wconibeerqk@google.cn,Male,107.84.31.11
958,Cornela,Renish,crenishql@sfgate.com,Genderqueer,147.24.116.227
959,Helga,Andrzejczak,handrzejczakqm@go.com,Female,36.50.86.166
960,Kellen,Mattke,kmattkeqn@rambler.ru,Male,196.183.164.16
961,Tymon,Hearst,thearstqo@cpanel.net,Genderqueer,162.85.50.120
962,Laure,Gedling,lgedlingqp@nytimes.com,Female,162.187.206.248
963,Kaiser,McElory,kmceloryqq@biglobe.ne.jp,Male,149.134.205.157
964,Kippie,Hanalan,khanalanqr@clickbank.net,Bigender,102.91.207.105
965,Ezekiel,Fulford,efulfordqs@ihg.com,Male,62.250.120.244
966,Webster,Blewett,wblewettqt@smh.com.au,Male,22.182.26.162
967,Delphinia,Hubble,dhubblequ@arizona.edu,Female,13.209.93.158
968,Chev,Duran,cduranqv@51.la,Male,234.12.248.133
969,Brantley,Devall,bdevallqw@123-reg.co.uk,Male,196.207.13.0
970,Sylas,Jambrozek,sjambrozekqx@ed.gov,Male,45.243.162.39
971,Min,Molines,mmolinesqy@walmart.com,Female,175.172.254.71
972,Margery,Orsi,morsiqz@nih.gov,Female,21.160.150.46
973,Fritz,Erricker,ferrickerr0@businesswire.com,Male,115.94.146.211
974,Neddy,Kmieciak,nkmieciakr1@lycos.com,Male,148.230.22.59
975,Urban,Bowton,ubowtonr2@360.cn,Male,184.73.253.19
976,Wilmar,Balke,wbalker3@edublogs.org,Male,56.8.9.75
977,Claudian,Galvin,cgalvinr4@prweb.com,Male,133.157.155.166
978,Adriana,Stickells,astickellsr5@reverbnation.com,Female,181.39.222.55
979,Tully,Tennant,ttennantr6@ucoz.com,Male,60.221.212.96
980,Hewitt,Dollard,hdollardr7@ask.com,Male,202.175.19.232
981,Ettie,Smallacombe,esmallacomber8@globo.com,Female,90.3.94.112
982,Morly,Laity,mlaityr9@nba.com,Male,16.162.68.207
983,Stacee,Shovelbottom,sshovelbottomra@ning.com,Female,140.29.109.147
984,Inge,Gatherell,igatherellrb@bbb.org,Female,7.126.76.171
985,Myron,Epelett,mepelettrc@google.fr,Male,17.252.224.150
986,Alissa,Beedle,abeedlerd@rambler.ru,Female,136.233.100.90
987,Desi,Brittian,dbrittianre@netvibes.com,Male,137.14.167.156
988,Miltie,Linger,mlingerrf@illinois.edu,Male,109.55.113.78
989,Alexa,Lorens,alorensrg@nymag.com,Female,233.110.168.252
990,Kial,Macbeth,kmacbethrh@whitehouse.gov,Female,208.174.72.64
991,Tandy,Thams,tthamsri@guardian.co.uk,Female,213.183.238.187
992,Holli,Burnip,hburniprj@princeton.edu,Female,153.193.213.156
993,Ellis,Bohden,ebohdenrk@live.com,Male,147.134.193.73
994,Kevan,Auckland,kaucklandrl@bluehost.com,Male,65.134.213.109
995,Ferd,Robecon,frobeconrm@last.fm,Male,41.126.111.225
996,Noby,Shiel,nshielrn@guardian.co.uk,Male,160.134.127.178
997,Alyssa,Cristoforo,acristofororo@npr.org,Female,177.99.34.61
998,Julianna,Colaton,jcolatonrp@ning.com,Female,169.132.168.135
999,Ros,Leynham,rleynhamrq@odnoklassniki.ru,Female,110.97.27.72
1000,Annelise,Lezemore,alezemorerr@ibm.com,Female,99.114.239.142
